MonsterName,Image,File,AttackSound,StruckSound,DieSound,BodyShape,Portrait,AI,Level,ViewRange,CoolEye,Experience,Undead,CanPush,CanTame,AttackDelay,MoveDelay,IsBoss,Flag,CallFightPet,CallMapSummoning,DiyMoveMode,IsSlow,Index,ServerOnly,CreatTime
鸡,Chicken,None,None,None,None,20,20,1,2,5,0,5.00000,False,True,True,3000,1500,False,None,False,False,0,False,10001,False,1/1/0001 上午 12:00:00
猪,Pig,None,None,None,None,119,119,2,3,5,0,8.00000,False,True,True,3000,1500,False,None,False,False,0,False,10002,False,1/1/0001 上午 12:00:00
鹿,Deer,None,None,None,None,21,21,2,6,5,0,17.00000,False,True,True,3000,1500,False,None,False,False,0,False,10003,False,1/1/0001 上午 12:00:00
牛,Cow,None,None,None,None,121,121,2,4,5,0,11.00000,False,True,True,3000,1500,False,None,False,False,0,False,10004,False,1/1/0001 上午 12:00:00
羊,Sheep,None,None,None,None,58,58,2,5,5,0,14.00000,False,True,True,3000,1500,False,None,False,False,0,False,10005,False,1/1/0001 上午 12:00:00
多钩猫,ClawCat,None,None,None,None,38,38,0,10,7,0,20.00000,False,True,False,2500,1500,False,None,False,False,0,False,10006,False,1/1/0001 上午 12:00:00
狼,Wolf,None,None,None,None,65,65,3,15,6,0,60.00000,False,True,False,2500,1300,False,None,False,False,0,False,10007,False,1/1/0001 上午 12:00:00
森林雪人,ForestYeti,None,None,None,None,30,30,0,13,7,0,40.00000,False,True,False,2500,1500,False,None,False,False,0,False,10008,False,1/1/0001 上午 12:00:00
栗子树,ChestnutTree,None,None,None,None,0,0,4,10,9,0,20.00000,False,False,False,0,0,False,None,False,False,0,False,10009,False,1/1/0001 上午 12:00:00
食人花,CarnivorousPlant,None,None,None,None,31,31,5,10,9,0,21.00000,False,False,False,2000,0,False,None,False,False,0,False,10010,False,1/1/0001 上午 12:00:00
半兽战士,Oma,None,None,None,None,23,23,0,13,8,10,50.00000,False,True,False,2000,1500,False,None,False,False,0,False,10011,False,1/1/0001 上午 12:00:00
虎蛇,TigerSnake,None,None,None,None,57,57,0,15,8,0,70.00000,False,True,False,2300,1300,False,None,False,False,0,False,10012,False,1/1/0001 上午 12:00:00
毒蜘蛛,SpittingSpider,None,None,None,None,25,25,6,10,6,0,22.00000,False,True,False,2500,1000,False,None,False,False,0,False,10013,False,1/1/0001 上午 12:00:00
稻草人,Scarecrow,None,None,None,None,40,40,0,10,6,0,18.00000,True,True,False,2500,1500,False,None,False,False,0,False,10014,False,1/1/0001 上午 12:00:00
半兽人,OmaA,Mon_28,None,None,None,22,22,0,13,7,0,30.00000,False,True,False,2500,1500,False,None,False,False,0,False,10015,False,1/1/0001 上午 12:00:00
多角虫,Beetle,None,None,None,None,63,63,0,13,6,0,30.00000,False,True,False,2500,1400,False,None,False,False,0,False,10016,False,1/1/0001 上午 12:00:00
猎鹰,DiyMonsMon,Mon_6,None,None,None,59,59,0,13,6,0,50.00000,False,True,False,2500,1200,False,None,False,False,0,False,10017,False,1/1/0001 上午 12:00:00
威思尔小虫,VisceralWorm,None,None,None,None,62,62,6,13,6,0,40.00000,False,True,False,2500,1100,False,None,False,False,0,False,10018,False,1/1/0001 上午 12:00:00
盔甲虫,ShellNipper,None,None,None,None,60,60,0,13,6,0,35.00000,False,True,False,2500,1200,False,None,False,False,0,False,10019,False,1/1/0001 上午 12:00:00
山洞蝙蝠,CaveBat,None,None,None,None,29,29,0,18,5,0,90.00000,False,True,False,2500,1500,False,None,False,False,0,False,10020,False,1/1/0001 上午 12:00:00
掷斧骷髅,SkeletonAxeThrower,None,None,None,None,33,33,7,18,5,10,100.00000,True,True,False,2500,2000,False,None,False,False,0,False,10021,False,1/1/0001 上午 12:00:00
蝎子,Scorpion,None,None,None,None,28,28,3,18,6,0,95.00000,False,True,False,2500,1500,False,None,False,False,0,False,10022,False,1/1/0001 上午 12:00:00
骷髅战士,SkeletonAxeMan,None,None,None,None,34,34,0,18,6,0,105.00000,True,True,False,2500,2000,False,None,False,False,0,False,10023,False,1/1/0001 上午 12:00:00
骷髅,Skeleton,None,None,None,None,32,32,0,18,6,0,100.00000,True,True,False,2500,2300,False,None,False,False,0,False,10024,False,1/1/0001 上午 12:00:00
骷髅战将,SkeletonWarrior,None,None,None,None,35,35,0,18,6,0,110.00000,True,True,False,2300,1800,False,None,False,False,0,False,10025,False,1/1/0001 上午 12:00:00
盔甲蚂蚁,ArmoredAnt,None,None,None,None,8,8,0,26,6,0,340.00000,False,True,False,2000,1400,False,None,False,False,0,False,10026,False,1/1/0001 上午 12:00:00
蚂蚁战士,AntSoldier,None,None,None,None,14,14,0,25,7,0,320,False,True,True,2100,1500,False,None,False,False,0,False,10027,False,1/1/0001 上午 12:00:00
蚂蚁道士,AntHealer,None,None,None,None,7,7,12,27,7,0,360,False,True,False,4000,2000,False,None,False,False,0,False,10028,False,1/1/0001 上午 12:00:00
爆毒蚂蚁,AntNeedler,None,None,None,None,96,96,7,28,8,10,380,False,True,False,2700,1800,False,None,False,False,0,False,10029,False,1/1/0001 上午 12:00:00
洞蛆,CaveMaggot,None,None,None,None,37,37,8,20,7,0,160.00000,False,True,False,2500,1600,False,None,False,False,0,False,10030,False,1/1/0001 上午 12:00:00
老道僵尸,GhostSorcerer,None,None,None,None,48,48,9,20,6,0,240.00000,True,True,False,3000,2000,False,None,False,False,0,False,10032,False,1/1/0001 上午 12:00:00
僧侣僵尸,GhostMage,None,None,None,None,49,49,10,20,6,0,220.00000,True,True,False,3000,2000,False,None,False,False,0,False,10033,False,1/1/0001 上午 12:00:00
僵尸2,VoraciousGhost,None,None,None,None,50,50,11,20,6,0,200.00000,True,True,False,3000,2000,False,None,False,False,0,False,10034,False,1/1/0001 上午 12:00:00
僵尸3,DevouringGhost,None,None,None,None,51,51,11,20,6,0,200.00000,True,True,False,3000,2000,False,None,False,False,0,False,10035,False,1/1/0001 上午 12:00:00
僵尸4,CorpseRaisingGhost,None,None,None,None,52,52,11,20,6,0,180.00000,True,True,False,3000,2000,False,None,False,False,0,False,10036,False,1/1/0001 上午 12:00:00
多脚虫,MutantFlea,None,None,None,None,145,145,0,20,9,0,180.00000,False,True,False,2200,1700,False,None,False,False,0,False,10037,False,1/1/0001 上午 12:00:00
蜘蛛娃,PoisonousMutantFlea,None,None,None,None,149,149,0,20,6,0,240.00000,False,True,True,2200,1000,False,None,False,False,0,False,10038,False,1/1/0001 上午 12:00:00
胞眼虫,BlasterMutantFlea,None,None,None,None,147,147,0,20,6,0,200.00000,False,True,False,2000,1400,False,None,False,False,0,False,10039,False,1/1/0001 上午 12:00:00
浪子人鬼,RottingGhoul,None,None,None,None,138,138,0,25,7,0,310.00000,True,True,False,1300,2000,False,None,False,False,0,False,10041,False,1/1/0001 上午 12:00:00
腐蚀人鬼,DecayingGhoul,None,None,None,None,132,132,14,25,7,0,290.00000,True,True,False,1300,2000,False,None,False,False,0,False,10042,False,1/1/0001 上午 12:00:00
骷髅弓箭手,BoneArcher,None,None,None,None,144,144,7,31,7,30,420,True,True,False,3000,1100,False,BoneArcher,False,False,0,False,10043,False,1/1/0001 上午 12:00:00
骷髅武士,BoneBladesman,None,None,None,None,143,143,0,32,6,0,440,True,True,False,2500,900,False,BoneBladesman,False,False,0,False,10044,False,1/1/0001 上午 12:00:00
骷髅武将,BoneCaptain,None,None,None,None,140,140,0,33,7,0,460,True,True,False,2500,700,False,BoneCaptain,False,False,0,False,10045,False,1/1/0001 上午 12:00:00
骷髅士兵,BoneSoldier,None,None,None,None,142,142,42,30,6,0,400,True,True,False,2500,800,False,BoneSoldier,False,False,0,False,10046,False,1/1/0001 上午 12:00:00
诺玛,NumaGrunt,None,None,None,None,128,128,0,35,7,0,500.00000,False,True,False,2000,1000,False,None,False,False,0,False,10047,False,1/1/0001 上午 12:00:00
诺玛法老,NumaMage,None,None,None,None,13,13,26,36,8,0,520,False,True,True,3500,1500,False,None,False,False,0,False,10048,False,1/1/0001 上午 12:00:00
诺玛将士,NumaElite,None,None,None,None,17,17,0,37,7,0,540.00000,False,True,True,2500,1000,False,None,False,False,0,False,10049,False,1/1/0001 上午 12:00:00
沙漠鱼魔,SandShark,None,None,None,None,94,94,25,35,7,0,500,True,True,False,2000,800,False,None,False,False,0,False,10050,False,1/1/0001 上午 12:00:00
沙漠石人,StoneGolem,None,None,None,None,4,4,27,36,7,0,520,False,True,False,3500,1500,False,None,False,False,0,False,10051,False,1/1/0001 上午 12:00:00
沙漠风魔,WindfurySorceress,None,None,None,None,97,97,28,38,7,0,560,True,True,False,2000,1100,False,None,False,False,0,False,10052,False,1/1/0001 上午 12:00:00
沙漠树魔,CursedCactus,Mon_10,None,None,None,95,95,29,35,8,0,500.00000,False,False,False,3500,0,False,None,False,False,0,False,10053,False,1/1/0001 上午 12:00:00
暗黑战士,SpinedDarkLizard,None,None,None,None,46,46,7,26,7,0,340,False,True,True,2200,1000,False,None,False,False,0,False,10054,False,1/1/0001 上午 12:00:00
粪虫,DiyMonsMon,Mon_5,None,None,None,47,47,0,25,7,0,330,False,True,False,2500,1500,False,None,False,False,0,False,10055,False,1/1/0001 上午 12:00:00
沃玛战士,UmaInfidel,None,None,None,None,41,41,0,28,7,0,360,True,True,False,2000,1100,False,None,False,False,0,False,10056,False,1/1/0001 上午 12:00:00
火焰沃玛,UmaFlameThrower,None,None,None,None,43,43,15,29,8,0,380,True,True,False,1700,1000,False,None,False,False,0,False,10057,False,1/1/0001 上午 12:00:00
角蝇,WedgeMothLarva,None,None,None,None,73,73,44,30,6,0,420,False,False,False,3000,0,False,None,False,False,0,False,10058,False,1/1/0001 上午 12:00:00
蝙蝠,LesserWedgeMoth,None,None,None,None,74,74,0,1,6,0,1.00000,False,True,False,2000,1500,False,LesserWedgeMoth,False,False,0,False,10059,False,1/1/0001 上午 12:00:00
楔蛾,WedgeMoth,None,None,None,None,75,75,8,32,7,100,440,False,True,False,2500,1000,False,None,False,False,0,False,10060,False,1/1/0001 上午 12:00:00
红野猪,RedBoar,None,None,None,None,76,76,0,34,6,0,480,True,True,False,2000,1200,False,None,False,False,0,False,10061,False,1/1/0001 上午 12:00:00
蝎蛇,ClawSerpent,None,None,None,None,79,79,0,35,7,0,500,True,True,False,2000,1000,False,None,False,False,0,False,10062,False,1/1/0001 上午 12:00:00
黑野猪,BlackBoar,None,None,None,None,77,77,0,34,6,0,480,True,True,False,2000,1000,False,None,False,False,0,False,10063,False,1/1/0001 上午 12:00:00
跳跳蜂,WasHatchling,None,None,None,None,71,71,0,34,6,0,480,False,True,False,2200,1500,False,None,False,False,0,False,10064,False,1/1/0001 上午 12:00:00
蜈蚣,Centipede,None,None,None,None,66,66,0,33,6,0,460,False,True,False,2000,1500,False,None,False,False,0,False,10065,False,1/1/0001 上午 12:00:00
钳虫,Earwig,None,None,None,None,69,69,0,36,6,0,520,False,True,True,2200,1500,False,None,False,False,0,False,10066,False,1/1/0001 上午 12:00:00
蝴蝶虫,ButterflyWorm,None,None,None,None,72,72,0,35,6,0,500,False,True,False,2000,1200,False,None,False,False,0,False,10067,False,1/1/0001 上午 12:00:00
黑色恶蛆,MutantMaggot,None,None,None,None,68,68,0,32,6,0,440,False,True,True,2000,600,False,None,False,False,0,False,10068,False,1/1/0001 上午 12:00:00
月魔蜘蛛,SpiderBat,None,None,None,None,101,101,8,35,6,100,500.00000,False,True,False,2000,1500,False,None,False,False,0,False,10069,False,1/1/0001 上午 12:00:00
幻影蜘蛛,ArachnidGazer,None,None,None,None,106,106,17,36,6,0,520,False,False,False,2500,0,False,None,False,False,0,False,10070,False,1/1/0001 上午 12:00:00
爆裂蜘蛛,Larva,None,None,None,None,105,105,18,6,6,0,1.00000,False,True,False,2500,500,False,Larva,False,False,0,False,10071,False,1/1/0001 上午 12:00:00
血巨人,RedMoonGuardian,None,None,None,None,107,107,0,40,7,0,1200,False,True,True,2000,1000,False,None,False,False,0,False,10072,False,1/1/0001 上午 12:00:00
血金刚,RedMoonProtector,None,None,None,None,108,108,0,41,7,0,1240,True,True,False,1500,1000,False,None,False,False,0,False,10073,False,1/1/0001 上午 12:00:00
花色蜘蛛,VenomousArachnid,None,None,None,None,111,111,14,37,6,0,540,False,True,True,1800,1500,False,None,False,False,0,False,10074,False,1/1/0001 上午 12:00:00
黑角蜘蛛,DarkArachnid,None,None,None,None,112,112,0,38,6,0,560,False,True,True,2000,1500,False,None,False,False,0,False,10075,False,1/1/0001 上午 12:00:00
祖玛弓箭手,ZumaSharpShooter,None,None,None,None,82,82,20,47,8,50,2200,False,True,False,2200,1000,False,ZumaArcherMonster,False,False,0,False,10076,False,1/1/0001 上午 12:00:00
祖玛雕像,ZumaFanatic,None,None,None,None,83,83,21,48,7,0,2400,True,True,False,2000,900,False,ZumaFanaticMonster,False,False,0,False,10077,False,1/1/0001 上午 12:00:00
祖玛卫士,ZumaGuardian,None,None,None,None,84,84,21,49,7,0,2600,True,True,False,2000,800,False,ZumaGuardianMonster,False,False,0,False,10078,False,1/1/0001 上午 12:00:00
大老鼠,ViciousRat,None,None,None,None,81,81,0,45,7,0,1600,False,True,False,2000,1100,False,None,False,False,0,False,10079,False,1/1/0001 上午 12:00:00
潘夜战士,Minotaur,None,None,None,None,137,137,0,46,9,0,2000,False,True,False,2000,800,False,None,False,False,0,False,10080,False,1/1/0001 上午 12:00:00
潘夜冰魔,FrostMinotaur,None,None,None,None,133,133,35,47,8,0,2200,False,True,False,2200,900,False,None,False,False,0,False,10081,False,1/1/0001 上午 12:00:00
潘夜右护卫,BanyaRightGuard,None,None,None,None,130,130,36,48,9,50,2400,False,True,False,2400,1000,False,None,False,False,0,False,10082,False,1/1/0001 上午 12:00:00
潘夜云魔,ShockMinotaur,None,None,None,None,134,134,37,47,8,0,2200,False,True,False,2200,900,False,None,False,False,0,False,10083,False,1/1/0001 上午 12:00:00
潘夜左护卫,BanyaLeftGuard,None,None,None,None,131,131,38,48,9,40,2400,False,True,False,2000,1000,False,None,False,False,0,False,10084,False,1/1/0001 上午 12:00:00
潘夜风魔,FuryMinotaur,None,None,None,None,135,135,39,47,8,0,2200,False,True,False,2200,900,False,None,False,False,0,False,10085,False,1/1/0001 上午 12:00:00
潘夜火魔,FlameMinotaur,None,None,None,None,136,136,40,47,8,0,2200,False,True,False,2200,900,False,None,False,False,0,False,10086,False,1/1/0001 上午 12:00:00
东魔神怪,EvilFanatic,None,None,None,None,156,156,0,45,7,0,1600,False,True,False,2200,800,False,None,False,False,0,False,10087,False,1/1/0001 上午 12:00:00
猿猴战士,Monkey,None,None,None,None,154,154,23,42,7,0,1300,False,True,True,1800,1000,False,None,True,False,0,False,10088,False,1/1/0001 上午 12:00:00
猿猴战将,Monkey,None,None,None,None,155,155,24,43,7,0,1400,False,True,True,1800,1000,False,None,True,False,0,False,10089,False,1/1/0001 上午 12:00:00
巨象兽,EvilElephant,None,None,None,None,158,158,25,44,7,0,1500,False,True,False,3000,2000,False,None,False,False,0,False,10090,False,1/1/0001 上午 12:00:00
西魔神怪,CannibalFanatic,None,None,None,None,157,157,7,45,7,0,1600,False,True,False,1000,800,False,None,False,False,0,False,10091,False,1/1/0001 上午 12:00:00
亡灵武士,BoneBladesman,None,None,None,None,143,143,0,90,7,50,1000.00000,False,True,False,1600,700,False,None,False,False,0,False,10092,False,1/1/0001 上午 12:00:00
亡灵弓箭手,BoneArcher,None,None,None,None,144,144,7,90,7,50,1000.00000,False,True,False,1600,700,False,None,False,False,0,False,10093,False,1/1/0001 上午 12:00:00
亡灵士兵,BoneSoldier,None,None,None,None,142,142,0,90,7,50,1000.00000,False,True,False,1600,700,False,None,False,False,0,False,10094,False,1/1/0001 上午 12:00:00
黑度紫红女神,PinkGoddess,None,None,None,None,162,162,46,51,8,0,4200,False,True,False,1200,1300,False,None,False,False,0,False,10098,False,1/1/0001 上午 12:00:00
黑度绿荫女神,GreenGoddess,None,None,None,None,163,163,47,51,8,0,4200,False,True,False,1200,1300,False,None,False,False,0,False,10099,False,1/1/0001 上午 12:00:00
武力神将,MutantCaptain,None,None,None,None,161,161,48,53,8,0,4600,False,True,False,1500,1600,False,None,False,False,0,False,10100,False,1/1/0001 上午 12:00:00
犬猴魔,CorpseStalker,None,None,None,None,12,12,0,48,9,0,6000,True,True,False,1100,800,False,None,False,False,0,False,10101,False,1/1/0001 上午 12:00:00
轻甲守卫,LightArmedSoldier,None,None,None,None,6,6,0,50,9,30,6200,True,True,True,1800,1000,False,None,False,False,0,False,10102,False,1/1/0001 上午 12:00:00
爆毒神魔,CorrosivePoisonSpitter,None,None,None,None,93,93,56,52,10,30,6800,True,True,False,1800,1500,False,None,False,False,0,False,10103,False,1/1/0001 上午 12:00:00
神舰守卫,PhantomSoldier,None,None,None,None,99,99,0,55,9,30,7400,True,True,False,2500,1000,False,None,False,False,0,False,10104,False,1/1/0001 上午 12:00:00
触角神魔,MutatedOctopus,None,None,None,None,2,2,57,51,10,30,6600,True,True,False,1400,1300,False,None,False,False,0,False,10105,False,1/1/0001 上午 12:00:00
恶形鬼,AquaLizard,None,None,None,None,92,92,0,50,9,30,6400,True,True,False,1800,1300,False,None,False,False,0,False,10106,False,1/1/0001 上午 12:00:00
海神将领,Stomper,None,None,None,None,9,9,58,53,9,0,7000,True,True,False,1600,1200,False,None,False,False,0,False,10107,False,1/1/0001 上午 12:00:00
红衣法师,CrimsonNecromancer,None,None,None,None,19,19,59,54,10,30,7200,True,True,False,2200,1500,False,None,False,False,0,False,10108,False,1/1/0001 上午 12:00:00
异界之门,NetherWorldGate,None,None,None,None,0,0,30,100,9,100,0,False,False,False,0,0,False,None,False,False,0,False,10109,False,1/1/0001 上午 12:00:00
地牢紫红女神,PinkGoddess,None,None,None,None,162,162,46,52,8,0,4400,False,True,False,1200,1300,False,None,False,False,0,False,10110,False,1/1/0001 上午 12:00:00
石像狮子,StoneGriffin,None,None,None,None,160,160,49,48,9,30,4000,False,True,True,1900,1500,False,None,False,False,0,False,10111,False,1/1/0001 上午 12:00:00
武力魔神将,MutantCaptain,None,None,None,None,161,161,48,53,9,0,4600,False,True,False,1500,1600,False,None,False,False,0,False,10112,False,1/1/0001 上午 12:00:00
火焰狮子,FlameGriffin,None,None,None,None,159,159,50,50,9,30,4000,False,True,False,2000,1500,False,None,False,False,0,False,10113,False,1/1/0001 上午 12:00:00
诺玛骑兵,NumaCavalry,None,None,None,None,180,180,33,60,10,30,8800,False,True,False,1100,600,False,None,False,False,0,False,10114,False,1/1/0001 上午 12:00:00
诺玛司令,NumaHighMage,None,None,None,None,184,184,62,58,10,30,8400,True,True,False,1000,900,False,None,False,False,0,False,10115,False,1/1/0001 上午 12:00:00
诺玛抛石兵,NumaStoneThrower,None,None,None,None,183,183,63,57,10,30,8200,False,True,False,1100,700,False,None,False,False,0,False,10116,False,1/1/0001 上午 12:00:00
诺玛斧兵,NumaRoyalGuard,None,None,None,None,185,185,48,56,10,30,8000,False,True,False,1000,1000,False,None,False,False,0,False,10117,False,1/1/0001 上午 12:00:00
诺玛装甲兵,NumaArmoredSoldier,None,None,None,None,181,181,64,59,11,30,8600,False,True,False,1300,800,False,None,False,False,0,False,10118,False,1/1/0001 上午 12:00:00
变异刺骨蜥,SawToothLizard,None,None,None,None,192,192,0,62,10,30,9400,False,True,False,1000,800,False,None,False,False,0,False,10143,False,1/1/0001 上午 12:00:00
变异迅猛蜥,RagingLizard,None,None,None,None,191,191,0,60,8,30,9000,False,True,True,950,600,False,None,False,False,0,False,10144,False,1/1/0001 上午 12:00:00
变异丑蜥,MutantLizard,None,None,None,None,193,193,0,61,9,30,9200,False,True,False,1000,800,False,None,False,False,0,False,10145,False,1/1/0001 上午 12:00:00
变异毒蜥,VenomSpitter,None,None,None,None,194,194,14,64,10,30,9800,False,True,False,1000,800,False,None,False,False,0,False,10146,False,1/1/0001 上午 12:00:00
魔石咆哮者,SonicLizard,None,None,None,None,195,195,31,65,9,30,10000,False,True,False,1000,800,False,None,False,False,0,False,10147,False,1/1/0001 上午 12:00:00
魔石狂热者,GiantLizard,None,None,None,None,196,196,33,65,11,50,10000,False,True,False,1000,800,False,None,False,False,0,False,10148,False,1/1/0001 上午 12:00:00
变异利爪蜥,CrazedLizard,None,None,None,None,199,199,34,63,11,30,9600,False,True,False,1000,800,False,None,False,False,0,False,10149,False,1/1/0001 上午 12:00:00
地牢绿荫女神,GreenGoddess,None,None,None,None,163,163,47,52,9,0,3800,False,True,False,1200,1000,False,None,False,False,0,False,10160,False,1/1/0001 上午 12:00:00
黑狼,Wolf,None,None,None,None,65,65,3,15,9,0,150.00000,False,True,False,2000,1300,False,None,False,False,0,False,10222,False,1/1/0001 上午 12:00:00
红蛇,RedSnake,Mon_6,None,None,None,54,54,0,15,9,0,70.00000,False,True,False,2300,1300,False,None,False,False,0,False,10610,False,1/1/0001 上午 12:00:00
半兽剑士,SDMob7,Mon_29,None,None,None,288,288,0,15,9,0,80.00000,False,True,False,2500,1500,False,None,False,False,0,False,10611,False,1/1/0001 上午 12:00:00
半兽法师,OmaMage,Mon_29,None,None,None,289,289,0,15,9,0,80.00000,False,True,False,2500,1800,False,None,False,False,0,False,10612,False,1/1/0001 上午 12:00:00
劳动蚂蚁,DiyMonsMon,Mon_28,None,None,None,273,273,0,25,9,0,260.00000,False,True,False,2300,1600,False,None,False,False,0,False,10614,False,1/1/0001 上午 12:00:00
半兽勇士,OmaHero,None,None,None,None,24,24,0,50,9,100,10000,False,True,False,1500,1000,True,None,False,False,0,False,20001,False,1/1/0001 上午 12:00:00
巨型多角虫,SpikedBeetle,None,None,None,None,64,64,0,52,9,100,11200,True,True,False,1200,1000,True,None,False,False,0,False,20002,False,1/1/0001 上午 12:00:00
骷髅精灵,SkeletonLord,None,None,None,None,36,36,0,54,9,100,12400,False,True,False,1500,1000,True,None,False,False,0,False,20003,False,1/1/0001 上午 12:00:00
尸王,GhoulChampion,None,None,None,None,53,53,0,55,9,100,13000,False,True,False,1500,1000,True,None,False,False,0,False,20004,False,1/1/0001 上午 12:00:00
蚂蚁将军,ArmoredAnt,None,None,None,None,8,8,0,56,9,100,13600,False,True,False,1500,1000,True,None,False,False,0,False,20005,False,1/1/0001 上午 12:00:00
红甲虫,PoisonousMutantFlea,None,None,None,None,149,149,0,56,9,100,13600,False,True,False,1500,1000,True,None,False,False,0,False,20006,False,1/1/0001 上午 12:00:00
沃玛卫士,UmaAnguisher,None,None,None,None,44,44,0,60,9,100,16000,True,True,False,1500,1000,True,None,False,False,0,False,20007,False,1/1/0001 上午 12:00:00
邪恶钳虫,IronLance,None,None,None,None,70,70,0,62,10,100,16800,False,True,False,1500,1000,True,None,False,False,0,False,20008,False,1/1/0001 上午 12:00:00
白野猪,TuskLord,None,None,None,None,78,78,0,70,10,100,22000,True,True,False,1500,1000,True,None,False,False,0,False,20009,False,1/1/0001 上午 12:00:00
骨鬼将,BoneCaptain,None,None,None,None,140,140,0,70,10,100,22000,True,True,False,1500,1000,True,SkeletonEnforcer,False,False,0,False,20010,False,1/1/0001 上午 12:00:00
八脚首领,DarkArachnid,None,None,None,None,112,112,0,75,10,100,25000,False,True,False,1500,1000,True,None,False,False,0,False,20011,False,1/1/0001 上午 12:00:00
僵尸鬼,BloodThirstyGhoul,None,None,None,None,42,42,0,65,10,100,19000,True,True,False,2100,1000,True,None,False,False,0,False,20012,False,1/1/0001 上午 12:00:00
吸血鬼,BloodThirstyGhoul,None,None,None,None,42,42,0,65,12,100,19000,True,True,False,1800,1000,True,None,False,False,0,False,20013,False,1/1/0001 上午 12:00:00
大法老,NumaMage,None,None,None,None,13,13,26,78,10,100,26800,False,True,False,1500,1000,True,None,False,False,0,False,20014,False,1/1/0001 上午 12:00:00
神鬼王,RedMoonProtector,None,None,None,None,108,108,0,80,10,100,28000,False,True,False,1500,1000,True,None,False,False,0,False,20015,False,1/1/0001 上午 12:00:00
护法天,ZumaGuardian,None,None,None,None,84,84,21,80,10,100,28000,True,True,False,1400,1000,True,ZumaKeeperMonster,False,False,0,False,20016,False,1/1/0001 上午 12:00:00
潘夜鬼将,Minotaur,None,None,None,None,137,137,0,80,10,100,28000,False,True,False,1500,1000,True,None,False,False,0,False,20017,False,1/1/0001 上午 12:00:00
疯狂魔神盗,EvilFanatic,None,None,None,None,157,157,0,80,10,100,28000,False,True,False,1500,1000,True,None,False,False,0,False,20018,False,1/1/0001 上午 12:00:00
黑度首将,MutantCaptain,None,None,None,None,161,161,48,85,10,100,31000,False,True,False,1500,1000,True,None,False,False,0,False,20019,False,1/1/0001 上午 12:00:00
霸王守卫,ChaosKnight,None,None,None,None,10,10,60,90,11,100,68000,True,True,False,1500,1000,True,None,False,False,0,False,20020,False,1/1/0001 上午 12:00:00
震天首将,MutantCaptain,None,None,None,None,161,161,48,86,10,100,31600,False,True,False,1500,1000,True,None,False,False,0,False,20021,False,1/1/0001 上午 12:00:00
诺玛突击队长,NumaRoyalGuard,None,None,None,None,185,185,48,88,11,100,32800,False,True,False,1200,400,True,None,False,False,0,False,20022,False,1/1/0001 上午 12:00:00
魔石守护神,TaintedTerror,None,None,None,None,197,197,0,90,13,100,34000,False,True,False,1200,700,True,None,False,False,0,False,20023,False,1/1/0001 上午 12:00:00
沃玛教主,UmaKing,None,None,None,None,45,84,16,100,12,100,200000,True,True,False,1500,1000,True,None,False,False,0,False,30001,False,1/1/0001 上午 12:00:00
骷髅教主,ArchLichTaedu,None,None,None,None,141,141,43,105,15,100,235000,True,True,False,1500,1000,True,None,False,False,0,False,30002,False,1/1/0001 上午 12:00:00
触龙神,LordNiJae,None,None,None,None,67,67,13,110,5,100,270000,False,False,False,1600,0,True,None,False,False,0,False,30003,False,1/1/0001 上午 12:00:00
超级黑野猪,RazorTusk,None,None,None,None,150,150,45,115,12,100,305000,False,True,False,900,600,True,None,False,False,0,False,30004,False,1/1/0001 上午 12:00:00
赤月恶魔,RedMoonTheFallen,None,None,None,None,104,104,19,120,15,100,340000,True,False,False,1500,0,True,None,False,False,0,False,30005,False,1/1/0001 上午 12:00:00
潘夜牛魔王,EmperorSaWoo,None,None,None,None,139,139,41,125,12,100,375000,True,True,False,1200,700,True,None,False,False,0,False,30006,False,1/1/0001 上午 12:00:00
祖玛教主,ZumaKing,None,None,None,None,85,85,22,130,12,100,410000,True,True,False,1500,1000,True,None,False,False,0,False,30007,False,1/1/0001 上午 12:00:00
霸王教主,PachonTheChaosBringer,None,None,None,None,120,120,61,180,12,100,1520000,True,True,False,800,800,True,None,False,False,0,False,30009,False,1/1/0001 上午 12:00:00
震天魔神,JinchonDevil,None,None,None,None,164,164,78,155,12,100,585000,True,True,False,1500,800,True,None,False,False,0,False,30010,False,1/1/0001 上午 12:00:00
地天灭王,DeathLordJichon,None,None,None,None,198,198,0,190,10,100,830000,False,True,False,650,700,True,None,False,False,0,False,30011,False,1/1/0001 上午 12:00:00
黑度魔神,JinchonDevil,None,None,None,None,164,164,78,150,12,100,550000,True,True,False,1500,800,True,None,False,False,0,False,30012,False,1/1/0001 上午 12:00:00
诺玛教主,DiyMonsMon,None,None,None,None,186,186,70,200,12,100,900000,False,True,False,700,800,True,None,False,False,0,False,30016,False,1/1/0001 上午 12:00:00
卫士,Guard,None,None,None,None,26,0,-1,150,9,0,1.00000,False,False,False,2500,0,False,None,False,False,0,False,40002,False,1/1/0001 上午 12:00:00
沙巴克城门1,SabukPrimeGate,Mon_54,None,None,None,530,0,1000,125,7,0,1.00000,False,True,False,2500,0,False,None,False,False,0,False,40005,False,1/1/0001 上午 12:00:00
沙巴克城门2,SabukLeftDoor,Mon_54,None,None,None,531,0,1000,150,7,0,1.00000,False,True,False,2500,0,False,None,False,False,0,False,40006,False,1/1/0001 上午 12:00:00
沙巴克城门3,SabukRightDoor,Mon_54,None,None,None,532,0,1000,150,7,0,1.00000,False,True,False,2500,0,False,None,False,False,0,False,40007,False,1/1/0001 上午 12:00:00
沙巴克城门4,DiyMonsMon,Mon_54,None,None,None,533,0,1000,150,7,0,1.00000,False,True,False,2500,0,False,None,False,False,0,False,40008,False,1/1/0001 上午 12:00:00
镜像,None,Mon_10,None,None,None,0,0,55,250,9,0,0,False,True,False,2000,700,False,MirrorImage,False,False,0,False,40015,False,1/1/0001 上午 12:00:00
变异骷髅,WhiteBone,None,None,None,None,253,56,52,17,9,0,1,True,True,False,2000,700,False,Skeleton,False,False,0,False,40017,False,1/1/0001 上午 12:00:00
神兽,Shinsu,Mon_9,None,None,None,256,89,53,30,9,0,0,True,True,False,1000,700,False,Shinsu,False,False,0,False,40018,False,1/1/0001 上午 12:00:00
超强骷髅,DiyMonsMon,None,None,None,None,254,254,52,33,9,0,0,True,True,False,1500,700,False,JinSkeleton,False,False,0,False,40020,False,1/1/0001 上午 12:00:00
炎魔,InfernalSoldier,None,None,None,None,0,90,103,45,9,0,0,True,True,False,1000,700,False,InfernalSoldier,False,False,0,False,40023,False,1/1/0001 上午 12:00:00
替身木偶,None,None,None,None,None,0,0,51,250,0,100,0,False,False,False,2500,1800,False,SummonPuppet,False,False,0,False,40024,False,1/1/0001 上午 12:00:00
苦力猪,Companion_Pig,None,None,None,None,0,0,-2,0,5,0,0,False,False,False,0,400,False,None,False,False,0,False,40029,False,1/1/0001 上午 12:00:00
刺客【I】宠,Companion_TuskLord,None,None,None,None,0,0,-2,0,7,0,0,False,False,False,0,400,False,None,False,False,0,False,40030,False,1/1/0001 上午 12:00:00
战士【I】宠,Companion_SkeletonLord,None,None,None,None,0,0,-2,0,7,0,0,False,False,False,0,400,False,None,False,False,0,False,40031,False,1/1/0001 上午 12:00:00
法师【II】宠,Companion_Dragon,None,None,None,None,0,0,-2,0,8,0,0,False,False,False,0,400,False,None,False,False,0,False,40032,False,1/1/0001 上午 12:00:00
道士【II】宠,Companion_Griffin,None,None,None,None,0,0,-2,0,8,0,0,False,False,False,0,300,False,None,False,False,0,False,40033,False,1/1/0001 上午 12:00:00
战士【II】宠,Companion_BanyoLordGuzak,None,None,None,None,0,0,-2,0,8,0,0,False,False,False,0,300,False,None,False,False,0,False,40034,False,1/1/0001 上午 12:00:00
刺客【III】宠,Companion_Panda,None,None,None,None,0,0,-2,0,6,0,0,False,False,False,0,300,False,None,False,False,0,False,40035,False,1/1/0001 上午 12:00:00
刺客【II】宠,Companion_Rabbit,None,None,None,None,0,0,-2,0,6,0,0,False,False,False,0,300,False,None,False,False,0,False,40038,False,1/1/0001 上午 12:00:00
道馆卫士,DiyMonsMon,Mon_9,None,None,None,87,87,-1,250,9,0,0,False,False,False,2500,0,False,None,False,False,0,False,40039,False,1/1/0001 上午 12:00:00
图书馆卫士,DiyMonsMon,Mon_9,None,None,None,88,88,-1,250,9,0,0,False,False,False,2500,0,False,None,False,False,0,False,40040,False,1/1/0001 上午 12:00:00
沙漠战士,DiyMonsMon,Mon_10,None,None,None,91,91,-1,250,9,0,0,False,False,False,2500,0,False,None,False,False,0,False,40041,False,1/1/0001 上午 12:00:00
法师【I】宠,Companion_Donkey,None,None,None,None,0,0,-2,0,8,0,0,False,False,False,0,200,False,None,False,False,0,False,40042,False,1/1/0001 上午 12:00:00
道士【I】宠,Companion_Sheep,None,None,None,None,0,0,-2,0,8,0,0,False,False,False,0,200,False,None,False,False,0,False,40043,False,1/1/0001 上午 12:00:00
沙巴克领主,JinchonDevil,None,None,None,None,164,164,78,250,15,100,0,True,True,False,500,800,False,None,False,False,0,False,100001,False,1/1/0001 上午 12:00:00
昂克战士,DiyMonsMon,Mon_9,None,None,None,156,156,-1,250,9,0,0,False,False,False,2500,0,False,None,False,False,0,False,100003,False,1/1/0001 上午 12:00:00
僧侣僵尸0,GhostMage,None,None,None,None,49,49,10,20,9,0,220.00000,True,True,False,3000,2000,False,None,False,False,0,False,100004,False,1/1/0001 上午 12:00:00
尸王0,GhoulChampion,None,None,None,None,53,53,0,55,9,100,7500,False,True,False,1500,1000,True,None,False,False,0,False,100005,False,1/1/0001 上午 12:00:00
七点白蛇,SevenPointWhiteSnake,None,None,None,None,126,126,0,60,9,100,10000,False,True,False,1500,1000,True,None,False,False,0,False,100006,False,1/1/0001 上午 12:00:00
千年毒蛇,DiyMonsMon,Mon_13,None,None,None,126,0,0,15,7,50,80,False,True,False,2500,1800,False,None,False,False,0,False,100007,False,1/1/0001 上午 12:00:00
半兽勇士11,OmaHero,None,None,None,None,0,0,0,50,11,50,5000,False,True,False,1500,1000,False,None,False,False,0,False,100020,False,1/1/0001 上午 12:00:00
半兽人11,Oma,None,None,None,None,0,0,0,13,7,0,30,False,True,False,2500,1500,False,None,False,False,0,False,100021,False,1/1/0001 上午 12:00:00
半兽战士11,Oma,None,None,None,None,0,0,0,13,7,10,50,False,True,False,2000,1500,False,None,False,False,0,False,100022,False,1/1/0001 上午 12:00:00
半兽剑士11,DiyMonsMon,Mon_29,None,None,None,288,0,0,15,7,0,70,False,True,False,2500,1500,False,None,False,False,0,False,100023,False,1/1/0001 上午 12:00:00
半兽法师11,OmaMage,None,None,None,None,0,0,26,15,7,0,70,False,True,False,2500,1800,False,None,False,False,0,False,100024,False,1/1/0001 上午 12:00:00
骷髅精灵11,SkeletonLord,None,None,None,None,0,0,0,54,11,10,7000,True,True,False,1200,900,True,None,False,False,0,False,100025,False,1/1/0001 上午 12:00:00
掷斧骷髅11,SkeletonAxeThrower,None,None,None,None,0,0,7,18,7,10,160,True,True,False,1200,2000,False,None,False,False,0,False,100026,False,1/1/0001 上午 12:00:00
骷髅战士11,SkeletonAxeMan,None,None,None,None,0,0,0,18,7,0,120,True,True,False,2500,2000,False,None,False,False,0,False,100027,False,1/1/0001 上午 12:00:00
骷髅战将11,SkeletonWarrior,None,None,None,None,0,0,0,18,7,0,140,True,True,False,2300,1800,False,None,False,False,0,False,100028,False,1/1/0001 上午 12:00:00
僵尸王,GhoulChampion,None,None,None,None,0,0,0,73,11,100,1500,True,True,False,1200,700,True,None,False,False,0,False,100029,False,1/1/0001 上午 12:00:00
雷电僵尸,GhostSorcerer,None,None,None,None,0,0,9,25,7,0,300,True,True,False,2500,1800,False,None,False,False,0,False,100030,False,1/1/0001 上午 12:00:00
署箭,GhoulChampion,None,None,None,None,0,0,0,73,11,100,1500,True,True,False,1200,700,True,None,False,False,0,False,100031,False,1/1/0001 上午 12:00:00
沃玛战士11,UmaInfidel,None,None,None,None,0,0,0,25,7,0,280,True,True,False,2000,1100,False,None,False,False,0,False,100032,False,1/1/0001 上午 12:00:00
火焰沃玛11,UmaFlameThrower,None,None,None,None,0,0,15,25,7,0,340,True,True,False,1700,1000,False,None,False,False,0,False,100033,False,1/1/0001 上午 12:00:00
沃玛勇士11,DiyMonsMon,Mon_28,None,None,None,277,0,0,25,7,0,300,True,True,False,2000,1100,False,None,False,False,0,False,100034,False,1/1/0001 上午 12:00:00
沃玛战将11,DiyMonsMon,Mon_27,None,None,None,268,0,0,25,7,0,300,True,True,False,2000,1100,False,None,False,False,0,False,100035,False,1/1/0001 上午 12:00:00
沃玛教主11,UmaKing,None,None,None,None,45,84,16,100,14,100,100000,True,True,False,1500,800,True,None,False,False,0,False,100036,False,1/1/0001 上午 12:00:00
暗黑战士11,SpinedDarkLizard,None,None,None,None,0,0,7,25,8,0,500,False,True,False,1200,1800,False,None,False,False,0,False,100037,False,1/1/0001 上午 12:00:00
小黑龙,DiyMonsMon,None,None,None,None,1000,0,-2,0,8,0,0,False,True,False,0,300,False,None,False,False,0,False,100117,False,1/1/0001 上午 12:00:00
蘑菇头,DiyMonsMon,None,None,None,None,1001,0,-2,0,8,0,0,False,True,False,0,300,False,None,False,False,0,False,100118,False,1/1/0001 上午 12:00:00
雪人,DiyMonsMon,None,None,None,None,1002,0,-2,0,8,0,200,False,True,False,0,300,False,None,False,False,0,False,100119,False,1/1/0001 上午 12:00:00
小红猴,DiyMonsMon,CBIcon,None,None,None,1003,0,-2,0,8,0,0,False,True,False,0,300,False,None,False,False,0,False,100120,False,1/1/0001 上午 12:00:00
小白鸡,DiyMonsMon,CBIcon,None,None,None,1004,0,-2,0,8,0,0,False,True,False,0,300,False,None,False,False,0,False,100121,False,1/1/0001 上午 12:00:00
小狐狸,DiyMonsMon,Mon_12,None,None,None,102,0,-2,0,8,0,0,False,True,False,0,300,False,None,False,False,0,False,100122,False,1/1/0001 上午 12:00:00
大天使,DiyMonsMon,None,None,None,None,1200,0,-2,0,7,0,0,False,False,False,2500,300,False,None,False,False,0,False,100123,False,1/1/0001 上午 12:00:00
黄骠马,None,None,None,None,None,510,0,0,0,7,30,0,False,True,False,2500,1800,False,BrownHorse,False,False,0,False,100135,False,1/1/0001 上午 12:00:00
的卢,None,None,None,None,None,511,0,0,0,7,30,0,False,True,False,2500,1800,False,WhiteHorse,False,False,0,False,100136,False,1/1/0001 上午 12:00:00
绝影,None,None,None,None,None,512,0,0,0,7,30,0,False,True,False,2500,1800,False,RedHorse,False,False,0,False,100137,False,1/1/0001 上午 12:00:00
赤兔马,None,None,None,None,None,514,0,0,0,7,30,0,False,True,False,2500,1800,False,BlackHorse,False,False,0,False,100138,False,1/1/0001 上午 12:00:00
法师【III】宠,DiyMonsMon,None,None,None,None,491,0,-2,0,7,0,0,False,False,False,0,200,False,None,False,False,0,False,100188,False,1/1/0001 上午 12:00:00
道士【III】宠,DiyMonsMon,None,None,None,None,492,0,-2,0,7,0,0,False,False,False,0,200,False,None,False,False,0,False,100189,False,1/1/0001 上午 12:00:00
战士【III】宠,DiyMonsMon,None,None,None,None,559,0,-2,0,7,0,0,False,False,False,0,200,False,None,False,False,0,False,100190,False,1/1/0001 上午 12:00:00
地狱炎魔,InfernalSoldier,None,None,None,None,254,90,103,50,9,0,0,False,True,False,900,700,False,InfernalSoldier,False,False,0,False,100192,False,1/1/0001 上午 12:00:00
副本-赤月恶魔1,RedMoonTheFallen,None,None,None,None,104,104,19,160,12,100,380000,False,False,False,1000,0,True,None,False,False,0,False,100568,False,1/1/0001 上午 12:00:00
副本-沃玛教主1,UmaKing,None,None,None,None,45,84,16,160,12,100,380000,False,True,False,1000,1000,True,None,False,False,0,False,100569,False,1/1/0001 上午 12:00:00
副本-霸王教主1,PachonTheChaosBringer,None,None,None,None,120,120,61,170,12,100,410000,False,True,False,1000,800,True,None,False,False,0,False,100570,False,1/1/0001 上午 12:00:00
副本-震天魔神1,JinchonDevil,None,None,None,None,164,164,78,165,12,100,395000,False,True,False,1000,800,True,None,False,False,0,False,100571,False,1/1/0001 上午 12:00:00
副本-地天灭王1,DeathLordJichon,None,None,None,None,198,198,0,170,12,100,410000,False,True,False,1000,1000,True,None,False,False,0,False,100572,False,1/1/0001 上午 12:00:00
邪恶毒蛇,EvilSnake,None,None,None,None,0,0,0,45,12,0,8500,False,True,False,1300,1000,False,None,False,False,0,False,100713,False,1/1/0001 上午 12:00:00
